id,timestamp,sport,market_key,team,book,american_odds,decimal_odds,implied_prob
737,1778814361.9464588,basketball_nba,mock_los_angeles_lakers_boston_celtics::h2h,Los Angeles Lakers,draftkings,125,2.25,0.444444
738,1778814361.9464588,basketball_nba,mock_los_angeles_lakers_boston_celtics::h2h,Boston Celtics,draftkings,-102,1.9804,0.504948
739,1778814361.9464588,basketball_nba,mock_los_angeles_lakers_boston_celtics::h2h,Los Angeles Lakers,fanduel,122,2.22,0.45045
740,1778814361.9464588,basketball_nba,mock_los_angeles_lakers_boston_celtics::h2h,Boston Celtics,fanduel,-100,2.0,0.5
741,1778814361.9464588,basketball_nba,mock_los_angeles_lakers_boston_celtics::h2h,Los Angeles Lakers,betmgm,100,2.0,0.5
742,1778814361.9464588,basketball_nba,mock_los_angeles_lakers_boston_celtics::h2h,Boston Celtics,betmgm,-109,1.9174,0.52154
743,1778814361.9464588,basketball_nba,mock_los_angeles_lakers_boston_celtics::h2h,Los Angeles Lakers,pinnacle,105,2.05,0.487805
744,1778814361.9464588,basketball_nba,mock_los_angeles_lakers_boston_celtics::h2h,Boston Celtics,pinnacle,-106,1.9434,0.514562
745,1778814361.9464588,basketball_nba,mock_golden_state_warriors_milwaukee_bucks::h2h,Golden State Warriors,draftkings,-131,1.7634,0.567086
746,1778814361.9464588,basketball_nba,mock_golden_state_warriors_milwaukee_bucks::h2h,Milwaukee Bucks,draftkings,100,2.0,0.5
747,1778814361.9464588,basketball_nba,mock_golden_state_warriors_milwaukee_bucks::h2h,Golden State Warriors,fanduel,-121,1.8264,0.547525
748,1778814361.9464588,basketball_nba,mock_golden_state_warriors_milwaukee_bucks::h2h,Milwaukee Bucks,fanduel,111,2.11,0.473934
749,1778814361.9464588,basketball_nba,mock_golden_state_warriors_milwaukee_bucks::h2h,Golden State Warriors,betmgm,-129,1.7752,0.563317
750,1778814361.9464588,basketball_nba,mock_golden_state_warriors_milwaukee_bucks::h2h,Milwaukee Bucks,betmgm,100,2.0,0.5
751,1778814361.9464588,basketball_nba,mock_golden_state_warriors_milwaukee_bucks::h2h,Golden State Warriors,pinnacle,-116,1.8621,0.537028
752,1778814361.9464588,basketball_nba,mock_golden_state_warriors_milwaukee_bucks::h2h,Milwaukee Bucks,pinnacle,104,2.04,0.490196
753,1778814361.9464588,basketball_nba,mock_denver_nuggets_phoenix_suns::h2h,Denver Nuggets,draftkings,-133,1.7519,0.570809
754,1778814361.9464588,basketball_nba,mock_denver_nuggets_phoenix_suns::h2h,Phoenix Suns,draftkings,154,2.54,0.393701
755,1778814361.9464588,basketball_nba,mock_denver_nuggets_phoenix_suns::h2h,Denver Nuggets,fanduel,-147,1.6803,0.595132
756,1778814361.9464588,basketball_nba,mock_denver_nuggets_phoenix_suns::h2h,Phoenix Suns,fanduel,163,2.63,0.380228
757,1778814361.9464588,basketball_nba,mock_denver_nuggets_phoenix_suns::h2h,Denver Nuggets,betmgm,-144,1.6944,0.590179
758,1778814361.9464588,basketball_nba,mock_denver_nuggets_phoenix_suns::h2h,Phoenix Suns,betmgm,171,2.71,0.369004
759,1778814361.9464588,basketball_nba,mock_denver_nuggets_phoenix_suns::h2h,Denver Nuggets,pinnacle,-146,1.6849,0.593507
760,1778814361.9464588,basketball_nba,mock_denver_nuggets_phoenix_suns::h2h,Phoenix Suns,pinnacle,172,2.72,0.367647
761,1778814361.9464588,basketball_nba,mock_dallas_mavericks_miami_heat::h2h,Dallas Mavericks,draftkings,-131,1.7634,0.567086
762,1778814361.9464588,basketball_nba,mock_dallas_mavericks_miami_heat::h2h,Miami Heat,draftkings,140,2.4,0.416667
763,1778814361.9464588,basketball_nba,mock_dallas_mavericks_miami_heat::h2h,Dallas Mavericks,fanduel,-134,1.7463,0.572639
764,1778814361.9464588,basketball_nba,mock_dallas_mavericks_miami_heat::h2h,Miami Heat,fanduel,150,2.5,0.4
765,1778814361.9464588,basketball_nba,mock_dallas_mavericks_miami_heat::h2h,Dallas Mavericks,betmgm,-133,1.7519,0.570809
766,1778814361.9464588,basketball_nba,mock_dallas_mavericks_miami_heat::h2h,Miami Heat,betmgm,170,2.7,0.37037
767,1778814361.9464588,basketball_nba,mock_dallas_mavericks_miami_heat::h2h,Dallas Mavericks,pinnacle,-153,1.6536,0.604741
768,1778814361.9464588,basketball_nba,mock_dallas_mavericks_miami_heat::h2h,Miami Heat,pinnacle,159,2.59,0.3861
705,1778814961.9464588,basketball_nba,mock_los_angeles_lakers_boston_celtics::h2h,Los Angeles Lakers,draftkings,125,2.25,0.444444
706,1778814961.9464588,basketball_nba,mock_los_angeles_lakers_boston_celtics::h2h,Boston Celtics,draftkings,-102,1.9804,0.504948
707,1778814961.9464588,basketball_nba,mock_los_angeles_lakers_boston_celtics::h2h,Los Angeles Lakers,fanduel,122,2.22,0.45045
708,1778814961.9464588,basketball_nba,mock_los_angeles_lakers_boston_celtics::h2h,Boston Celtics,fanduel,-100,2.0,0.5
709,1778814961.9464588,basketball_nba,mock_los_angeles_lakers_boston_celtics::h2h,Los Angeles Lakers,betmgm,100,2.0,0.5
710,1778814961.9464588,basketball_nba,mock_los_angeles_lakers_boston_celtics::h2h,Boston Celtics,betmgm,-109,1.9174,0.52154
711,1778814961.9464588,basketball_nba,mock_los_angeles_lakers_boston_celtics::h2h,Los Angeles Lakers,pinnacle,105,2.05,0.487805
712,1778814961.9464588,basketball_nba,mock_los_angeles_lakers_boston_celtics::h2h,Boston Celtics,pinnacle,-106,1.9434,0.514562
713,1778814961.9464588,basketball_nba,mock_golden_state_warriors_milwaukee_bucks::h2h,Golden State Warriors,draftkings,-131,1.7634,0.567086
714,1778814961.9464588,basketball_nba,mock_golden_state_warriors_milwaukee_bucks::h2h,Milwaukee Bucks,draftkings,100,2.0,0.5
715,1778814961.9464588,basketball_nba,mock_golden_state_warriors_milwaukee_bucks::h2h,Golden State Warriors,fanduel,-121,1.8264,0.547525
716,1778814961.9464588,basketball_nba,mock_golden_state_warriors_milwaukee_bucks::h2h,Milwaukee Bucks,fanduel,111,2.11,0.473934
717,1778814961.9464588,basketball_nba,mock_golden_state_warriors_milwaukee_bucks::h2h,Golden State Warriors,betmgm,-129,1.7752,0.563317
718,1778814961.9464588,basketball_nba,mock_golden_state_warriors_milwaukee_bucks::h2h,Milwaukee Bucks,betmgm,100,2.0,0.5
719,1778814961.9464588,basketball_nba,mock_golden_state_warriors_milwaukee_bucks::h2h,Golden State Warriors,pinnacle,-116,1.8621,0.537028
720,1778814961.9464588,basketball_nba,mock_golden_state_warriors_milwaukee_bucks::h2h,Milwaukee Bucks,pinnacle,104,2.04,0.490196
721,1778814961.9464588,basketball_nba,mock_denver_nuggets_phoenix_suns::h2h,Denver Nuggets,draftkings,-133,1.7519,0.570809
722,1778814961.9464588,basketball_nba,mock_denver_nuggets_phoenix_suns::h2h,Phoenix Suns,draftkings,154,2.54,0.393701
723,1778814961.9464588,basketball_nba,mock_denver_nuggets_phoenix_suns::h2h,Denver Nuggets,fanduel,-147,1.6803,0.595132
724,1778814961.9464588,basketball_nba,mock_denver_nuggets_phoenix_suns::h2h,Phoenix Suns,fanduel,163,2.63,0.380228
725,1778814961.9464588,basketball_nba,mock_denver_nuggets_phoenix_suns::h2h,Denver Nuggets,betmgm,-144,1.6944,0.590179
726,1778814961.9464588,basketball_nba,mock_denver_nuggets_phoenix_suns::h2h,Phoenix Suns,betmgm,171,2.71,0.369004
727,1778814961.9464588,basketball_nba,mock_denver_nuggets_phoenix_suns::h2h,Denver Nuggets,pinnacle,-146,1.6849,0.593507
728,1778814961.9464588,basketball_nba,mock_denver_nuggets_phoenix_suns::h2h,Phoenix Suns,pinnacle,172,2.72,0.367647
729,1778814961.9464588,basketball_nba,mock_dallas_mavericks_miami_heat::h2h,Dallas Mavericks,draftkings,-131,1.7634,0.567086
730,1778814961.9464588,basketball_nba,mock_dallas_mavericks_miami_heat::h2h,Miami Heat,draftkings,140,2.4,0.416667
731,1778814961.9464588,basketball_nba,mock_dallas_mavericks_miami_heat::h2h,Dallas Mavericks,fanduel,-134,1.7463,0.572639
732,1778814961.9464588,basketball_nba,mock_dallas_mavericks_miami_heat::h2h,Miami Heat,fanduel,150,2.5,0.4
733,1778814961.9464588,basketball_nba,mock_dallas_mavericks_miami_heat::h2h,Dallas Mavericks,betmgm,-133,1.7519,0.570809
734,1778814961.9464588,basketball_nba,mock_dallas_mavericks_miami_heat::h2h,Miami Heat,betmgm,170,2.7,0.37037
735,1778814961.9464588,basketball_nba,mock_dallas_mavericks_miami_heat::h2h,Dallas Mavericks,pinnacle,-153,1.6536,0.604741
736,1778814961.9464588,basketball_nba,mock_dallas_mavericks_miami_heat::h2h,Miami Heat,pinnacle,159,2.59,0.3861
673,1778815561.9464588,basketball_nba,mock_los_angeles_lakers_boston_celtics::h2h,Los Angeles Lakers,draftkings,125,2.25,0.444444
674,1778815561.9464588,basketball_nba,mock_los_angeles_lakers_boston_celtics::h2h,Boston Celtics,draftkings,-102,1.9804,0.504948
675,1778815561.9464588,basketball_nba,mock_los_angeles_lakers_boston_celtics::h2h,Los Angeles Lakers,fanduel,122,2.22,0.45045
676,1778815561.9464588,basketball_nba,mock_los_angeles_lakers_boston_celtics::h2h,Boston Celtics,fanduel,-100,2.0,0.5
677,1778815561.9464588,basketball_nba,mock_los_angeles_lakers_boston_celtics::h2h,Los Angeles Lakers,betmgm,100,2.0,0.5
678,1778815561.9464588,basketball_nba,mock_los_angeles_lakers_boston_celtics::h2h,Boston Celtics,betmgm,-109,1.9174,0.52154
679,1778815561.9464588,basketball_nba,mock_los_angeles_lakers_boston_celtics::h2h,Los Angeles Lakers,pinnacle,105,2.05,0.487805
680,1778815561.9464588,basketball_nba,mock_los_angeles_lakers_boston_celtics::h2h,Boston Celtics,pinnacle,-106,1.9434,0.514562
681,1778815561.9464588,basketball_nba,mock_golden_state_warriors_milwaukee_bucks::h2h,Golden State Warriors,draftkings,-131,1.7634,0.567086
682,1778815561.9464588,basketball_nba,mock_golden_state_warriors_milwaukee_bucks::h2h,Milwaukee Bucks,draftkings,100,2.0,0.5
683,1778815561.9464588,basketball_nba,mock_golden_state_warriors_milwaukee_bucks::h2h,Golden State Warriors,fanduel,-121,1.8264,0.547525
684,1778815561.9464588,basketball_nba,mock_golden_state_warriors_milwaukee_bucks::h2h,Milwaukee Bucks,fanduel,111,2.11,0.473934
685,1778815561.9464588,basketball_nba,mock_golden_state_warriors_milwaukee_bucks::h2h,Golden State Warriors,betmgm,-129,1.7752,0.563317
686,1778815561.9464588,basketball_nba,mock_golden_state_warriors_milwaukee_bucks::h2h,Milwaukee Bucks,betmgm,100,2.0,0.5
687,1778815561.9464588,basketball_nba,mock_golden_state_warriors_milwaukee_bucks::h2h,Golden State Warriors,pinnacle,-116,1.8621,0.537028
688,1778815561.9464588,basketball_nba,mock_golden_state_warriors_milwaukee_bucks::h2h,Milwaukee Bucks,pinnacle,104,2.04,0.490196
689,1778815561.9464588,basketball_nba,mock_denver_nuggets_phoenix_suns::h2h,Denver Nuggets,draftkings,-133,1.7519,0.570809
690,1778815561.9464588,basketball_nba,mock_denver_nuggets_phoenix_suns::h2h,Phoenix Suns,draftkings,154,2.54,0.393701
691,1778815561.9464588,basketball_nba,mock_denver_nuggets_phoenix_suns::h2h,Denver Nuggets,fanduel,-147,1.6803,0.595132
692,1778815561.9464588,basketball_nba,mock_denver_nuggets_phoenix_suns::h2h,Phoenix Suns,fanduel,163,2.63,0.380228
693,1778815561.9464588,basketball_nba,mock_denver_nuggets_phoenix_suns::h2h,Denver Nuggets,betmgm,-144,1.6944,0.590179
694,1778815561.9464588,basketball_nba,mock_denver_nuggets_phoenix_suns::h2h,Phoenix Suns,betmgm,171,2.71,0.369004
695,1778815561.9464588,basketball_nba,mock_denver_nuggets_phoenix_suns::h2h,Denver Nuggets,pinnacle,-146,1.6849,0.593507
696,1778815561.9464588,basketball_nba,mock_denver_nuggets_phoenix_suns::h2h,Phoenix Suns,pinnacle,172,2.72,0.367647
697,1778815561.9464588,basketball_nba,mock_dallas_mavericks_miami_heat::h2h,Dallas Mavericks,draftkings,-131,1.7634,0.567086
698,1778815561.9464588,basketball_nba,mock_dallas_mavericks_miami_heat::h2h,Miami Heat,draftkings,140,2.4,0.416667
699,1778815561.9464588,basketball_nba,mock_dallas_mavericks_miami_heat::h2h,Dallas Mavericks,fanduel,-134,1.7463,0.572639
700,1778815561.9464588,basketball_nba,mock_dallas_mavericks_miami_heat::h2h,Miami Heat,fanduel,150,2.5,0.4
701,1778815561.9464588,basketball_nba,mock_dallas_mavericks_miami_heat::h2h,Dallas Mavericks,betmgm,-133,1.7519,0.570809
702,1778815561.9464588,basketball_nba,mock_dallas_mavericks_miami_heat::h2h,Miami Heat,betmgm,170,2.7,0.37037
703,1778815561.9464588,basketball_nba,mock_dallas_mavericks_miami_heat::h2h,Dallas Mavericks,pinnacle,-153,1.6536,0.604741
704,1778815561.9464588,basketball_nba,mock_dallas_mavericks_miami_heat::h2h,Miami Heat,pinnacle,159,2.59,0.3861
641,1778816161.9464588,basketball_nba,mock_los_angeles_lakers_boston_celtics::h2h,Los Angeles Lakers,draftkings,125,2.25,0.444444
642,1778816161.9464588,basketball_nba,mock_los_angeles_lakers_boston_celtics::h2h,Boston Celtics,draftkings,-102,1.9804,0.504948
643,1778816161.9464588,basketball_nba,mock_los_angeles_lakers_boston_celtics::h2h,Los Angeles Lakers,fanduel,122,2.22,0.45045
644,1778816161.9464588,basketball_nba,mock_los_angeles_lakers_boston_celtics::h2h,Boston Celtics,fanduel,-100,2.0,0.5
645,1778816161.9464588,basketball_nba,mock_los_angeles_lakers_boston_celtics::h2h,Los Angeles Lakers,betmgm,100,2.0,0.5
646,1778816161.9464588,basketball_nba,mock_los_angeles_lakers_boston_celtics::h2h,Boston Celtics,betmgm,-109,1.9174,0.52154
647,1778816161.9464588,basketball_nba,mock_los_angeles_lakers_boston_celtics::h2h,Los Angeles Lakers,pinnacle,105,2.05,0.487805
648,1778816161.9464588,basketball_nba,mock_los_angeles_lakers_boston_celtics::h2h,Boston Celtics,pinnacle,-106,1.9434,0.514562
649,1778816161.9464588,basketball_nba,mock_golden_state_warriors_milwaukee_bucks::h2h,Golden State Warriors,draftkings,-131,1.7634,0.567086
650,1778816161.9464588,basketball_nba,mock_golden_state_warriors_milwaukee_bucks::h2h,Milwaukee Bucks,draftkings,100,2.0,0.5
651,1778816161.9464588,basketball_nba,mock_golden_state_warriors_milwaukee_bucks::h2h,Golden State Warriors,fanduel,-121,1.8264,0.547525
652,1778816161.9464588,basketball_nba,mock_golden_state_warriors_milwaukee_bucks::h2h,Milwaukee Bucks,fanduel,111,2.11,0.473934
653,1778816161.9464588,basketball_nba,mock_golden_state_warriors_milwaukee_bucks::h2h,Golden State Warriors,betmgm,-129,1.7752,0.563317
654,1778816161.9464588,basketball_nba,mock_golden_state_warriors_milwaukee_bucks::h2h,Milwaukee Bucks,betmgm,100,2.0,0.5
655,1778816161.9464588,basketball_nba,mock_golden_state_warriors_milwaukee_bucks::h2h,Golden State Warriors,pinnacle,-116,1.8621,0.537028
656,1778816161.9464588,basketball_nba,mock_golden_state_warriors_milwaukee_bucks::h2h,Milwaukee Bucks,pinnacle,104,2.04,0.490196
657,1778816161.9464588,basketball_nba,mock_denver_nuggets_phoenix_suns::h2h,Denver Nuggets,draftkings,-133,1.7519,0.570809
658,1778816161.9464588,basketball_nba,mock_denver_nuggets_phoenix_suns::h2h,Phoenix Suns,draftkings,154,2.54,0.393701
659,1778816161.9464588,basketball_nba,mock_denver_nuggets_phoenix_suns::h2h,Denver Nuggets,fanduel,-147,1.6803,0.595132
660,1778816161.9464588,basketball_nba,mock_denver_nuggets_phoenix_suns::h2h,Phoenix Suns,fanduel,163,2.63,0.380228
661,1778816161.9464588,basketball_nba,mock_denver_nuggets_phoenix_suns::h2h,Denver Nuggets,betmgm,-144,1.6944,0.590179
662,1778816161.9464588,basketball_nba,mock_denver_nuggets_phoenix_suns::h2h,Phoenix Suns,betmgm,171,2.71,0.369004
663,1778816161.9464588,basketball_nba,mock_denver_nuggets_phoenix_suns::h2h,Denver Nuggets,pinnacle,-146,1.6849,0.593507
664,1778816161.9464588,basketball_nba,mock_denver_nuggets_phoenix_suns::h2h,Phoenix Suns,pinnacle,172,2.72,0.367647
665,1778816161.9464588,basketball_nba,mock_dallas_mavericks_miami_heat::h2h,Dallas Mavericks,draftkings,-131,1.7634,0.567086
666,1778816161.9464588,basketball_nba,mock_dallas_mavericks_miami_heat::h2h,Miami Heat,draftkings,140,2.4,0.416667
667,1778816161.9464588,basketball_nba,mock_dallas_mavericks_miami_heat::h2h,Dallas Mavericks,fanduel,-134,1.7463,0.572639
668,1778816161.9464588,basketball_nba,mock_dallas_mavericks_miami_heat::h2h,Miami Heat,fanduel,150,2.5,0.4
669,1778816161.9464588,basketball_nba,mock_dallas_mavericks_miami_heat::h2h,Dallas Mavericks,betmgm,-133,1.7519,0.570809
670,1778816161.9464588,basketball_nba,mock_dallas_mavericks_miami_heat::h2h,Miami Heat,betmgm,170,2.7,0.37037
671,1778816161.9464588,basketball_nba,mock_dallas_mavericks_miami_heat::h2h,Dallas Mavericks,pinnacle,-153,1.6536,0.604741
672,1778816161.9464588,basketball_nba,mock_dallas_mavericks_miami_heat::h2h,Miami Heat,pinnacle,159,2.59,0.3861
609,1778816761.9464588,basketball_nba,mock_los_angeles_lakers_boston_celtics::h2h,Los Angeles Lakers,draftkings,125,2.25,0.444444
610,1778816761.9464588,basketball_nba,mock_los_angeles_lakers_boston_celtics::h2h,Boston Celtics,draftkings,-102,1.9804,0.504948
611,1778816761.9464588,basketball_nba,mock_los_angeles_lakers_boston_celtics::h2h,Los Angeles Lakers,fanduel,122,2.22,0.45045
612,1778816761.9464588,basketball_nba,mock_los_angeles_lakers_boston_celtics::h2h,Boston Celtics,fanduel,-100,2.0,0.5
613,1778816761.9464588,basketball_nba,mock_los_angeles_lakers_boston_celtics::h2h,Los Angeles Lakers,betmgm,100,2.0,0.5
614,1778816761.9464588,basketball_nba,mock_los_angeles_lakers_boston_celtics::h2h,Boston Celtics,betmgm,-109,1.9174,0.52154
615,1778816761.9464588,basketball_nba,mock_los_angeles_lakers_boston_celtics::h2h,Los Angeles Lakers,pinnacle,105,2.05,0.487805
616,1778816761.9464588,basketball_nba,mock_los_angeles_lakers_boston_celtics::h2h,Boston Celtics,pinnacle,-106,1.9434,0.514562
617,1778816761.9464588,basketball_nba,mock_golden_state_warriors_milwaukee_bucks::h2h,Golden State Warriors,draftkings,-131,1.7634,0.567086
618,1778816761.9464588,basketball_nba,mock_golden_state_warriors_milwaukee_bucks::h2h,Milwaukee Bucks,draftkings,100,2.0,0.5
619,1778816761.9464588,basketball_nba,mock_golden_state_warriors_milwaukee_bucks::h2h,Golden State Warriors,fanduel,-121,1.8264,0.547525
620,1778816761.9464588,basketball_nba,mock_golden_state_warriors_milwaukee_bucks::h2h,Milwaukee Bucks,fanduel,111,2.11,0.473934
621,1778816761.9464588,basketball_nba,mock_golden_state_warriors_milwaukee_bucks::h2h,Golden State Warriors,betmgm,-129,1.7752,0.563317
622,1778816761.9464588,basketball_nba,mock_golden_state_warriors_milwaukee_bucks::h2h,Milwaukee Bucks,betmgm,100,2.0,0.5
623,1778816761.9464588,basketball_nba,mock_golden_state_warriors_milwaukee_bucks::h2h,Golden State Warriors,pinnacle,-116,1.8621,0.537028
624,1778816761.9464588,basketball_nba,mock_golden_state_warriors_milwaukee_bucks::h2h,Milwaukee Bucks,pinnacle,104,2.04,0.490196
625,1778816761.9464588,basketball_nba,mock_denver_nuggets_phoenix_suns::h2h,Denver Nuggets,draftkings,-133,1.7519,0.570809
626,1778816761.9464588,basketball_nba,mock_denver_nuggets_phoenix_suns::h2h,Phoenix Suns,draftkings,154,2.54,0.393701
627,1778816761.9464588,basketball_nba,mock_denver_nuggets_phoenix_suns::h2h,Denver Nuggets,fanduel,-147,1.6803,0.595132
628,1778816761.9464588,basketball_nba,mock_denver_nuggets_phoenix_suns::h2h,Phoenix Suns,fanduel,163,2.63,0.380228
629,1778816761.9464588,basketball_nba,mock_denver_nuggets_phoenix_suns::h2h,Denver Nuggets,betmgm,-144,1.6944,0.590179
630,1778816761.9464588,basketball_nba,mock_denver_nuggets_phoenix_suns::h2h,Phoenix Suns,betmgm,171,2.71,0.369004
631,1778816761.9464588,basketball_nba,mock_denver_nuggets_phoenix_suns::h2h,Denver Nuggets,pinnacle,-146,1.6849,0.593507
632,1778816761.9464588,basketball_nba,mock_denver_nuggets_phoenix_suns::h2h,Phoenix Suns,pinnacle,172,2.72,0.367647
633,1778816761.9464588,basketball_nba,mock_dallas_mavericks_miami_heat::h2h,Dallas Mavericks,draftkings,-131,1.7634,0.567086
634,1778816761.9464588,basketball_nba,mock_dallas_mavericks_miami_heat::h2h,Miami Heat,draftkings,140,2.4,0.416667
635,1778816761.9464588,basketball_nba,mock_dallas_mavericks_miami_heat::h2h,Dallas Mavericks,fanduel,-134,1.7463,0.572639
636,1778816761.9464588,basketball_nba,mock_dallas_mavericks_miami_heat::h2h,Miami Heat,fanduel,150,2.5,0.4
637,1778816761.9464588,basketball_nba,mock_dallas_mavericks_miami_heat::h2h,Dallas Mavericks,betmgm,-133,1.7519,0.570809
638,1778816761.9464588,basketball_nba,mock_dallas_mavericks_miami_heat::h2h,Miami Heat,betmgm,170,2.7,0.37037
639,1778816761.9464588,basketball_nba,mock_dallas_mavericks_miami_heat::h2h,Dallas Mavericks,pinnacle,-153,1.6536,0.604741
640,1778816761.9464588,basketball_nba,mock_dallas_mavericks_miami_heat::h2h,Miami Heat,pinnacle,159,2.59,0.3861
577,1778817361.9464588,basketball_nba,mock_los_angeles_lakers_boston_celtics::h2h,Los Angeles Lakers,draftkings,125,2.25,0.444444
578,1778817361.9464588,basketball_nba,mock_los_angeles_lakers_boston_celtics::h2h,Boston Celtics,draftkings,-102,1.9804,0.504948
579,1778817361.9464588,basketball_nba,mock_los_angeles_lakers_boston_celtics::h2h,Los Angeles Lakers,fanduel,122,2.22,0.45045
580,1778817361.9464588,basketball_nba,mock_los_angeles_lakers_boston_celtics::h2h,Boston Celtics,fanduel,-100,2.0,0.5
581,1778817361.9464588,basketball_nba,mock_los_angeles_lakers_boston_celtics::h2h,Los Angeles Lakers,betmgm,100,2.0,0.5
582,1778817361.9464588,basketball_nba,mock_los_angeles_lakers_boston_celtics::h2h,Boston Celtics,betmgm,-109,1.9174,0.52154
583,1778817361.9464588,basketball_nba,mock_los_angeles_lakers_boston_celtics::h2h,Los Angeles Lakers,pinnacle,105,2.05,0.487805
584,1778817361.9464588,basketball_nba,mock_los_angeles_lakers_boston_celtics::h2h,Boston Celtics,pinnacle,-106,1.9434,0.514562
585,1778817361.9464588,basketball_nba,mock_golden_state_warriors_milwaukee_bucks::h2h,Golden State Warriors,draftkings,-131,1.7634,0.567086
586,1778817361.9464588,basketball_nba,mock_golden_state_warriors_milwaukee_bucks::h2h,Milwaukee Bucks,draftkings,100,2.0,0.5
587,1778817361.9464588,basketball_nba,mock_golden_state_warriors_milwaukee_bucks::h2h,Golden State Warriors,fanduel,-121,1.8264,0.547525
588,1778817361.9464588,basketball_nba,mock_golden_state_warriors_milwaukee_bucks::h2h,Milwaukee Bucks,fanduel,111,2.11,0.473934
589,1778817361.9464588,basketball_nba,mock_golden_state_warriors_milwaukee_bucks::h2h,Golden State Warriors,betmgm,-129,1.7752,0.563317
590,1778817361.9464588,basketball_nba,mock_golden_state_warriors_milwaukee_bucks::h2h,Milwaukee Bucks,betmgm,100,2.0,0.5
591,1778817361.9464588,basketball_nba,mock_golden_state_warriors_milwaukee_bucks::h2h,Golden State Warriors,pinnacle,-116,1.8621,0.537028
592,1778817361.9464588,basketball_nba,mock_golden_state_warriors_milwaukee_bucks::h2h,Milwaukee Bucks,pinnacle,104,2.04,0.490196
593,1778817361.9464588,basketball_nba,mock_denver_nuggets_phoenix_suns::h2h,Denver Nuggets,draftkings,-133,1.7519,0.570809
594,1778817361.9464588,basketball_nba,mock_denver_nuggets_phoenix_suns::h2h,Phoenix Suns,draftkings,154,2.54,0.393701
595,1778817361.9464588,basketball_nba,mock_denver_nuggets_phoenix_suns::h2h,Denver Nuggets,fanduel,-147,1.6803,0.595132
596,1778817361.9464588,basketball_nba,mock_denver_nuggets_phoenix_suns::h2h,Phoenix Suns,fanduel,163,2.63,0.380228
597,1778817361.9464588,basketball_nba,mock_denver_nuggets_phoenix_suns::h2h,Denver Nuggets,betmgm,-144,1.6944,0.590179
598,1778817361.9464588,basketball_nba,mock_denver_nuggets_phoenix_suns::h2h,Phoenix Suns,betmgm,171,2.71,0.369004
599,1778817361.9464588,basketball_nba,mock_denver_nuggets_phoenix_suns::h2h,Denver Nuggets,pinnacle,-146,1.6849,0.593507
600,1778817361.9464588,basketball_nba,mock_denver_nuggets_phoenix_suns::h2h,Phoenix Suns,pinnacle,172,2.72,0.367647
601,1778817361.9464588,basketball_nba,mock_dallas_mavericks_miami_heat::h2h,Dallas Mavericks,draftkings,-131,1.7634,0.567086
602,1778817361.9464588,basketball_nba,mock_dallas_mavericks_miami_heat::h2h,Miami Heat,draftkings,140,2.4,0.416667
603,1778817361.9464588,basketball_nba,mock_dallas_mavericks_miami_heat::h2h,Dallas Mavericks,fanduel,-134,1.7463,0.572639
604,1778817361.9464588,basketball_nba,mock_dallas_mavericks_miami_heat::h2h,Miami Heat,fanduel,150,2.5,0.4
605,1778817361.9464588,basketball_nba,mock_dallas_mavericks_miami_heat::h2h,Dallas Mavericks,betmgm,-133,1.7519,0.570809
606,1778817361.9464588,basketball_nba,mock_dallas_mavericks_miami_heat::h2h,Miami Heat,betmgm,170,2.7,0.37037
607,1778817361.9464588,basketball_nba,mock_dallas_mavericks_miami_heat::h2h,Dallas Mavericks,pinnacle,-153,1.6536,0.604741
608,1778817361.9464588,basketball_nba,mock_dallas_mavericks_miami_heat::h2h,Miami Heat,pinnacle,159,2.59,0.3861
545,1778817961.9464588,basketball_nba,mock_los_angeles_lakers_boston_celtics::h2h,Los Angeles Lakers,draftkings,125,2.25,0.444444
546,1778817961.9464588,basketball_nba,mock_los_angeles_lakers_boston_celtics::h2h,Boston Celtics,draftkings,-102,1.9804,0.504948
547,1778817961.9464588,basketball_nba,mock_los_angeles_lakers_boston_celtics::h2h,Los Angeles Lakers,fanduel,122,2.22,0.45045
548,1778817961.9464588,basketball_nba,mock_los_angeles_lakers_boston_celtics::h2h,Boston Celtics,fanduel,-100,2.0,0.5
549,1778817961.9464588,basketball_nba,mock_los_angeles_lakers_boston_celtics::h2h,Los Angeles Lakers,betmgm,100,2.0,0.5
550,1778817961.9464588,basketball_nba,mock_los_angeles_lakers_boston_celtics::h2h,Boston Celtics,betmgm,-109,1.9174,0.52154
551,1778817961.9464588,basketball_nba,mock_los_angeles_lakers_boston_celtics::h2h,Los Angeles Lakers,pinnacle,105,2.05,0.487805
552,1778817961.9464588,basketball_nba,mock_los_angeles_lakers_boston_celtics::h2h,Boston Celtics,pinnacle,-106,1.9434,0.514562
553,1778817961.9464588,basketball_nba,mock_golden_state_warriors_milwaukee_bucks::h2h,Golden State Warriors,draftkings,-131,1.7634,0.567086
554,1778817961.9464588,basketball_nba,mock_golden_state_warriors_milwaukee_bucks::h2h,Milwaukee Bucks,draftkings,100,2.0,0.5
555,1778817961.9464588,basketball_nba,mock_golden_state_warriors_milwaukee_bucks::h2h,Golden State Warriors,fanduel,-121,1.8264,0.547525
556,1778817961.9464588,basketball_nba,mock_golden_state_warriors_milwaukee_bucks::h2h,Milwaukee Bucks,fanduel,111,2.11,0.473934
557,1778817961.9464588,basketball_nba,mock_golden_state_warriors_milwaukee_bucks::h2h,Golden State Warriors,betmgm,-129,1.7752,0.563317
558,1778817961.9464588,basketball_nba,mock_golden_state_warriors_milwaukee_bucks::h2h,Milwaukee Bucks,betmgm,100,2.0,0.5
559,1778817961.9464588,basketball_nba,mock_golden_state_warriors_milwaukee_bucks::h2h,Golden State Warriors,pinnacle,-116,1.8621,0.537028
560,1778817961.9464588,basketball_nba,mock_golden_state_warriors_milwaukee_bucks::h2h,Milwaukee Bucks,pinnacle,104,2.04,0.490196
561,1778817961.9464588,basketball_nba,mock_denver_nuggets_phoenix_suns::h2h,Denver Nuggets,draftkings,-133,1.7519,0.570809
562,1778817961.9464588,basketball_nba,mock_denver_nuggets_phoenix_suns::h2h,Phoenix Suns,draftkings,154,2.54,0.393701
563,1778817961.9464588,basketball_nba,mock_denver_nuggets_phoenix_suns::h2h,Denver Nuggets,fanduel,-147,1.6803,0.595132
564,1778817961.9464588,basketball_nba,mock_denver_nuggets_phoenix_suns::h2h,Phoenix Suns,fanduel,163,2.63,0.380228
565,1778817961.9464588,basketball_nba,mock_denver_nuggets_phoenix_suns::h2h,Denver Nuggets,betmgm,-144,1.6944,0.590179
566,1778817961.9464588,basketball_nba,mock_denver_nuggets_phoenix_suns::h2h,Phoenix Suns,betmgm,171,2.71,0.369004
567,1778817961.9464588,basketball_nba,mock_denver_nuggets_phoenix_suns::h2h,Denver Nuggets,pinnacle,-146,1.6849,0.593507
568,1778817961.9464588,basketball_nba,mock_denver_nuggets_phoenix_suns::h2h,Phoenix Suns,pinnacle,172,2.72,0.367647
569,1778817961.9464588,basketball_nba,mock_dallas_mavericks_miami_heat::h2h,Dallas Mavericks,draftkings,-131,1.7634,0.567086
570,1778817961.9464588,basketball_nba,mock_dallas_mavericks_miami_heat::h2h,Miami Heat,draftkings,140,2.4,0.416667
571,1778817961.9464588,basketball_nba,mock_dallas_mavericks_miami_heat::h2h,Dallas Mavericks,fanduel,-134,1.7463,0.572639
572,1778817961.9464588,basketball_nba,mock_dallas_mavericks_miami_heat::h2h,Miami Heat,fanduel,150,2.5,0.4
573,1778817961.9464588,basketball_nba,mock_dallas_mavericks_miami_heat::h2h,Dallas Mavericks,betmgm,-133,1.7519,0.570809
574,1778817961.9464588,basketball_nba,mock_dallas_mavericks_miami_heat::h2h,Miami Heat,betmgm,170,2.7,0.37037
575,1778817961.9464588,basketball_nba,mock_dallas_mavericks_miami_heat::h2h,Dallas Mavericks,pinnacle,-153,1.6536,0.604741
576,1778817961.9464588,basketball_nba,mock_dallas_mavericks_miami_heat::h2h,Miami Heat,pinnacle,159,2.59,0.3861
513,1778818561.9464588,basketball_nba,mock_los_angeles_lakers_boston_celtics::h2h,Los Angeles Lakers,draftkings,125,2.25,0.444444
514,1778818561.9464588,basketball_nba,mock_los_angeles_lakers_boston_celtics::h2h,Boston Celtics,draftkings,-102,1.9804,0.504948
515,1778818561.9464588,basketball_nba,mock_los_angeles_lakers_boston_celtics::h2h,Los Angeles Lakers,fanduel,122,2.22,0.45045
516,1778818561.9464588,basketball_nba,mock_los_angeles_lakers_boston_celtics::h2h,Boston Celtics,fanduel,-100,2.0,0.5
517,1778818561.9464588,basketball_nba,mock_los_angeles_lakers_boston_celtics::h2h,Los Angeles Lakers,betmgm,100,2.0,0.5
518,1778818561.9464588,basketball_nba,mock_los_angeles_lakers_boston_celtics::h2h,Boston Celtics,betmgm,-109,1.9174,0.52154
519,1778818561.9464588,basketball_nba,mock_los_angeles_lakers_boston_celtics::h2h,Los Angeles Lakers,pinnacle,105,2.05,0.487805
520,1778818561.9464588,basketball_nba,mock_los_angeles_lakers_boston_celtics::h2h,Boston Celtics,pinnacle,-106,1.9434,0.514562
521,1778818561.9464588,basketball_nba,mock_golden_state_warriors_milwaukee_bucks::h2h,Golden State Warriors,draftkings,-131,1.7634,0.567086
522,1778818561.9464588,basketball_nba,mock_golden_state_warriors_milwaukee_bucks::h2h,Milwaukee Bucks,draftkings,100,2.0,0.5
523,1778818561.9464588,basketball_nba,mock_golden_state_warriors_milwaukee_bucks::h2h,Golden State Warriors,fanduel,-121,1.8264,0.547525
524,1778818561.9464588,basketball_nba,mock_golden_state_warriors_milwaukee_bucks::h2h,Milwaukee Bucks,fanduel,111,2.11,0.473934
525,1778818561.9464588,basketball_nba,mock_golden_state_warriors_milwaukee_bucks::h2h,Golden State Warriors,betmgm,-129,1.7752,0.563317
526,1778818561.9464588,basketball_nba,mock_golden_state_warriors_milwaukee_bucks::h2h,Milwaukee Bucks,betmgm,100,2.0,0.5
527,1778818561.9464588,basketball_nba,mock_golden_state_warriors_milwaukee_bucks::h2h,Golden State Warriors,pinnacle,-116,1.8621,0.537028
528,1778818561.9464588,basketball_nba,mock_golden_state_warriors_milwaukee_bucks::h2h,Milwaukee Bucks,pinnacle,104,2.04,0.490196
529,1778818561.9464588,basketball_nba,mock_denver_nuggets_phoenix_suns::h2h,Denver Nuggets,draftkings,-133,1.7519,0.570809
530,1778818561.9464588,basketball_nba,mock_denver_nuggets_phoenix_suns::h2h,Phoenix Suns,draftkings,154,2.54,0.393701
531,1778818561.9464588,basketball_nba,mock_denver_nuggets_phoenix_suns::h2h,Denver Nuggets,fanduel,-147,1.6803,0.595132
532,1778818561.9464588,basketball_nba,mock_denver_nuggets_phoenix_suns::h2h,Phoenix Suns,fanduel,163,2.63,0.380228
533,1778818561.9464588,basketball_nba,mock_denver_nuggets_phoenix_suns::h2h,Denver Nuggets,betmgm,-144,1.6944,0.590179
534,1778818561.9464588,basketball_nba,mock_denver_nuggets_phoenix_suns::h2h,Phoenix Suns,betmgm,171,2.71,0.369004
535,1778818561.9464588,basketball_nba,mock_denver_nuggets_phoenix_suns::h2h,Denver Nuggets,pinnacle,-146,1.6849,0.593507
536,1778818561.9464588,basketball_nba,mock_denver_nuggets_phoenix_suns::h2h,Phoenix Suns,pinnacle,172,2.72,0.367647
537,1778818561.9464588,basketball_nba,mock_dallas_mavericks_miami_heat::h2h,Dallas Mavericks,draftkings,-131,1.7634,0.567086
538,1778818561.9464588,basketball_nba,mock_dallas_mavericks_miami_heat::h2h,Miami Heat,draftkings,140,2.4,0.416667
539,1778818561.9464588,basketball_nba,mock_dallas_mavericks_miami_heat::h2h,Dallas Mavericks,fanduel,-134,1.7463,0.572639
540,1778818561.9464588,basketball_nba,mock_dallas_mavericks_miami_heat::h2h,Miami Heat,fanduel,150,2.5,0.4
541,1778818561.9464588,basketball_nba,mock_dallas_mavericks_miami_heat::h2h,Dallas Mavericks,betmgm,-133,1.7519,0.570809
542,1778818561.9464588,basketball_nba,mock_dallas_mavericks_miami_heat::h2h,Miami Heat,betmgm,170,2.7,0.37037
543,1778818561.9464588,basketball_nba,mock_dallas_mavericks_miami_heat::h2h,Dallas Mavericks,pinnacle,-153,1.6536,0.604741
544,1778818561.9464588,basketball_nba,mock_dallas_mavericks_miami_heat::h2h,Miami Heat,pinnacle,159,2.59,0.3861
481,1778819161.9464588,basketball_nba,mock_los_angeles_lakers_boston_celtics::h2h,Los Angeles Lakers,draftkings,125,2.25,0.444444
482,1778819161.9464588,basketball_nba,mock_los_angeles_lakers_boston_celtics::h2h,Boston Celtics,draftkings,-102,1.9804,0.504948
483,1778819161.9464588,basketball_nba,mock_los_angeles_lakers_boston_celtics::h2h,Los Angeles Lakers,fanduel,122,2.22,0.45045
484,1778819161.9464588,basketball_nba,mock_los_angeles_lakers_boston_celtics::h2h,Boston Celtics,fanduel,-100,2.0,0.5
485,1778819161.9464588,basketball_nba,mock_los_angeles_lakers_boston_celtics::h2h,Los Angeles Lakers,betmgm,100,2.0,0.5
486,1778819161.9464588,basketball_nba,mock_los_angeles_lakers_boston_celtics::h2h,Boston Celtics,betmgm,-109,1.9174,0.52154
487,1778819161.9464588,basketball_nba,mock_los_angeles_lakers_boston_celtics::h2h,Los Angeles Lakers,pinnacle,105,2.05,0.487805
488,1778819161.9464588,basketball_nba,mock_los_angeles_lakers_boston_celtics::h2h,Boston Celtics,pinnacle,-106,1.9434,0.514562
489,1778819161.9464588,basketball_nba,mock_golden_state_warriors_milwaukee_bucks::h2h,Golden State Warriors,draftkings,-131,1.7634,0.567086
490,1778819161.9464588,basketball_nba,mock_golden_state_warriors_milwaukee_bucks::h2h,Milwaukee Bucks,draftkings,100,2.0,0.5
491,1778819161.9464588,basketball_nba,mock_golden_state_warriors_milwaukee_bucks::h2h,Golden State Warriors,fanduel,-121,1.8264,0.547525
492,1778819161.9464588,basketball_nba,mock_golden_state_warriors_milwaukee_bucks::h2h,Milwaukee Bucks,fanduel,111,2.11,0.473934
493,1778819161.9464588,basketball_nba,mock_golden_state_warriors_milwaukee_bucks::h2h,Golden State Warriors,betmgm,-129,1.7752,0.563317
494,1778819161.9464588,basketball_nba,mock_golden_state_warriors_milwaukee_bucks::h2h,Milwaukee Bucks,betmgm,100,2.0,0.5
495,1778819161.9464588,basketball_nba,mock_golden_state_warriors_milwaukee_bucks::h2h,Golden State Warriors,pinnacle,-116,1.8621,0.537028
496,1778819161.9464588,basketball_nba,mock_golden_state_warriors_milwaukee_bucks::h2h,Milwaukee Bucks,pinnacle,104,2.04,0.490196
497,1778819161.9464588,basketball_nba,mock_denver_nuggets_phoenix_suns::h2h,Denver Nuggets,draftkings,-133,1.7519,0.570809
498,1778819161.9464588,basketball_nba,mock_denver_nuggets_phoenix_suns::h2h,Phoenix Suns,draftkings,154,2.54,0.393701
499,1778819161.9464588,basketball_nba,mock_denver_nuggets_phoenix_suns::h2h,Denver Nuggets,fanduel,-147,1.6803,0.595132
500,1778819161.9464588,basketball_nba,mock_denver_nuggets_phoenix_suns::h2h,Phoenix Suns,fanduel,163,2.63,0.380228
501,1778819161.9464588,basketball_nba,mock_denver_nuggets_phoenix_suns::h2h,Denver Nuggets,betmgm,-144,1.6944,0.590179
502,1778819161.9464588,basketball_nba,mock_denver_nuggets_phoenix_suns::h2h,Phoenix Suns,betmgm,171,2.71,0.369004
503,1778819161.9464588,basketball_nba,mock_denver_nuggets_phoenix_suns::h2h,Denver Nuggets,pinnacle,-146,1.6849,0.593507
504,1778819161.9464588,basketball_nba,mock_denver_nuggets_phoenix_suns::h2h,Phoenix Suns,pinnacle,172,2.72,0.367647
505,1778819161.9464588,basketball_nba,mock_dallas_mavericks_miami_heat::h2h,Dallas Mavericks,draftkings,-131,1.7634,0.567086
506,1778819161.9464588,basketball_nba,mock_dallas_mavericks_miami_heat::h2h,Miami Heat,draftkings,140,2.4,0.416667
507,1778819161.9464588,basketball_nba,mock_dallas_mavericks_miami_heat::h2h,Dallas Mavericks,fanduel,-134,1.7463,0.572639
508,1778819161.9464588,basketball_nba,mock_dallas_mavericks_miami_heat::h2h,Miami Heat,fanduel,150,2.5,0.4
509,1778819161.9464588,basketball_nba,mock_dallas_mavericks_miami_heat::h2h,Dallas Mavericks,betmgm,-133,1.7519,0.570809
510,1778819161.9464588,basketball_nba,mock_dallas_mavericks_miami_heat::h2h,Miami Heat,betmgm,170,2.7,0.37037
511,1778819161.9464588,basketball_nba,mock_dallas_mavericks_miami_heat::h2h,Dallas Mavericks,pinnacle,-153,1.6536,0.604741
512,1778819161.9464588,basketball_nba,mock_dallas_mavericks_miami_heat::h2h,Miami Heat,pinnacle,159,2.59,0.3861
449,1778819761.9464588,basketball_nba,mock_los_angeles_lakers_boston_celtics::h2h,Los Angeles Lakers,draftkings,125,2.25,0.444444
450,1778819761.9464588,basketball_nba,mock_los_angeles_lakers_boston_celtics::h2h,Boston Celtics,draftkings,-102,1.9804,0.504948
451,1778819761.9464588,basketball_nba,mock_los_angeles_lakers_boston_celtics::h2h,Los Angeles Lakers,fanduel,122,2.22,0.45045
452,1778819761.9464588,basketball_nba,mock_los_angeles_lakers_boston_celtics::h2h,Boston Celtics,fanduel,-100,2.0,0.5
453,1778819761.9464588,basketball_nba,mock_los_angeles_lakers_boston_celtics::h2h,Los Angeles Lakers,betmgm,100,2.0,0.5
454,1778819761.9464588,basketball_nba,mock_los_angeles_lakers_boston_celtics::h2h,Boston Celtics,betmgm,-109,1.9174,0.52154
455,1778819761.9464588,basketball_nba,mock_los_angeles_lakers_boston_celtics::h2h,Los Angeles Lakers,pinnacle,105,2.05,0.487805
456,1778819761.9464588,basketball_nba,mock_los_angeles_lakers_boston_celtics::h2h,Boston Celtics,pinnacle,-106,1.9434,0.514562
457,1778819761.9464588,basketball_nba,mock_golden_state_warriors_milwaukee_bucks::h2h,Golden State Warriors,draftkings,-131,1.7634,0.567086
458,1778819761.9464588,basketball_nba,mock_golden_state_warriors_milwaukee_bucks::h2h,Milwaukee Bucks,draftkings,100,2.0,0.5
459,1778819761.9464588,basketball_nba,mock_golden_state_warriors_milwaukee_bucks::h2h,Golden State Warriors,fanduel,-121,1.8264,0.547525
460,1778819761.9464588,basketball_nba,mock_golden_state_warriors_milwaukee_bucks::h2h,Milwaukee Bucks,fanduel,111,2.11,0.473934
461,1778819761.9464588,basketball_nba,mock_golden_state_warriors_milwaukee_bucks::h2h,Golden State Warriors,betmgm,-129,1.7752,0.563317
462,1778819761.9464588,basketball_nba,mock_golden_state_warriors_milwaukee_bucks::h2h,Milwaukee Bucks,betmgm,100,2.0,0.5
463,1778819761.9464588,basketball_nba,mock_golden_state_warriors_milwaukee_bucks::h2h,Golden State Warriors,pinnacle,-116,1.8621,0.537028
464,1778819761.9464588,basketball_nba,mock_golden_state_warriors_milwaukee_bucks::h2h,Milwaukee Bucks,pinnacle,104,2.04,0.490196
465,1778819761.9464588,basketball_nba,mock_denver_nuggets_phoenix_suns::h2h,Denver Nuggets,draftkings,-133,1.7519,0.570809
466,1778819761.9464588,basketball_nba,mock_denver_nuggets_phoenix_suns::h2h,Phoenix Suns,draftkings,154,2.54,0.393701
467,1778819761.9464588,basketball_nba,mock_denver_nuggets_phoenix_suns::h2h,Denver Nuggets,fanduel,-147,1.6803,0.595132
468,1778819761.9464588,basketball_nba,mock_denver_nuggets_phoenix_suns::h2h,Phoenix Suns,fanduel,163,2.63,0.380228
469,1778819761.9464588,basketball_nba,mock_denver_nuggets_phoenix_suns::h2h,Denver Nuggets,betmgm,-144,1.6944,0.590179
470,1778819761.9464588,basketball_nba,mock_denver_nuggets_phoenix_suns::h2h,Phoenix Suns,betmgm,171,2.71,0.369004
471,1778819761.9464588,basketball_nba,mock_denver_nuggets_phoenix_suns::h2h,Denver Nuggets,pinnacle,-146,1.6849,0.593507
472,1778819761.9464588,basketball_nba,mock_denver_nuggets_phoenix_suns::h2h,Phoenix Suns,pinnacle,172,2.72,0.367647
473,1778819761.9464588,basketball_nba,mock_dallas_mavericks_miami_heat::h2h,Dallas Mavericks,draftkings,-131,1.7634,0.567086
474,1778819761.9464588,basketball_nba,mock_dallas_mavericks_miami_heat::h2h,Miami Heat,draftkings,140,2.4,0.416667
475,1778819761.9464588,basketball_nba,mock_dallas_mavericks_miami_heat::h2h,Dallas Mavericks,fanduel,-134,1.7463,0.572639
476,1778819761.9464588,basketball_nba,mock_dallas_mavericks_miami_heat::h2h,Miami Heat,fanduel,150,2.5,0.4
477,1778819761.9464588,basketball_nba,mock_dallas_mavericks_miami_heat::h2h,Dallas Mavericks,betmgm,-133,1.7519,0.570809
478,1778819761.9464588,basketball_nba,mock_dallas_mavericks_miami_heat::h2h,Miami Heat,betmgm,170,2.7,0.37037
479,1778819761.9464588,basketball_nba,mock_dallas_mavericks_miami_heat::h2h,Dallas Mavericks,pinnacle,-153,1.6536,0.604741
480,1778819761.9464588,basketball_nba,mock_dallas_mavericks_miami_heat::h2h,Miami Heat,pinnacle,159,2.59,0.3861
417,1778820361.9464588,basketball_nba,mock_los_angeles_lakers_boston_celtics::h2h,Los Angeles Lakers,draftkings,125,2.25,0.444444
418,1778820361.9464588,basketball_nba,mock_los_angeles_lakers_boston_celtics::h2h,Boston Celtics,draftkings,-102,1.9804,0.504948
419,1778820361.9464588,basketball_nba,mock_los_angeles_lakers_boston_celtics::h2h,Los Angeles Lakers,fanduel,122,2.22,0.45045
420,1778820361.9464588,basketball_nba,mock_los_angeles_lakers_boston_celtics::h2h,Boston Celtics,fanduel,-100,2.0,0.5
421,1778820361.9464588,basketball_nba,mock_los_angeles_lakers_boston_celtics::h2h,Los Angeles Lakers,betmgm,100,2.0,0.5
422,1778820361.9464588,basketball_nba,mock_los_angeles_lakers_boston_celtics::h2h,Boston Celtics,betmgm,-109,1.9174,0.52154
423,1778820361.9464588,basketball_nba,mock_los_angeles_lakers_boston_celtics::h2h,Los Angeles Lakers,pinnacle,105,2.05,0.487805
424,1778820361.9464588,basketball_nba,mock_los_angeles_lakers_boston_celtics::h2h,Boston Celtics,pinnacle,-106,1.9434,0.514562
425,1778820361.9464588,basketball_nba,mock_golden_state_warriors_milwaukee_bucks::h2h,Golden State Warriors,draftkings,-131,1.7634,0.567086
426,1778820361.9464588,basketball_nba,mock_golden_state_warriors_milwaukee_bucks::h2h,Milwaukee Bucks,draftkings,100,2.0,0.5
427,1778820361.9464588,basketball_nba,mock_golden_state_warriors_milwaukee_bucks::h2h,Golden State Warriors,fanduel,-121,1.8264,0.547525
428,1778820361.9464588,basketball_nba,mock_golden_state_warriors_milwaukee_bucks::h2h,Milwaukee Bucks,fanduel,111,2.11,0.473934
429,1778820361.9464588,basketball_nba,mock_golden_state_warriors_milwaukee_bucks::h2h,Golden State Warriors,betmgm,-129,1.7752,0.563317
430,1778820361.9464588,basketball_nba,mock_golden_state_warriors_milwaukee_bucks::h2h,Milwaukee Bucks,betmgm,100,2.0,0.5
431,1778820361.9464588,basketball_nba,mock_golden_state_warriors_milwaukee_bucks::h2h,Golden State Warriors,pinnacle,-116,1.8621,0.537028
432,1778820361.9464588,basketball_nba,mock_golden_state_warriors_milwaukee_bucks::h2h,Milwaukee Bucks,pinnacle,104,2.04,0.490196
433,1778820361.9464588,basketball_nba,mock_denver_nuggets_phoenix_suns::h2h,Denver Nuggets,draftkings,-133,1.7519,0.570809
434,1778820361.9464588,basketball_nba,mock_denver_nuggets_phoenix_suns::h2h,Phoenix Suns,draftkings,154,2.54,0.393701
435,1778820361.9464588,basketball_nba,mock_denver_nuggets_phoenix_suns::h2h,Denver Nuggets,fanduel,-147,1.6803,0.595132
436,1778820361.9464588,basketball_nba,mock_denver_nuggets_phoenix_suns::h2h,Phoenix Suns,fanduel,163,2.63,0.380228
437,1778820361.9464588,basketball_nba,mock_denver_nuggets_phoenix_suns::h2h,Denver Nuggets,betmgm,-144,1.6944,0.590179
438,1778820361.9464588,basketball_nba,mock_denver_nuggets_phoenix_suns::h2h,Phoenix Suns,betmgm,171,2.71,0.369004
439,1778820361.9464588,basketball_nba,mock_denver_nuggets_phoenix_suns::h2h,Denver Nuggets,pinnacle,-146,1.6849,0.593507
440,1778820361.9464588,basketball_nba,mock_denver_nuggets_phoenix_suns::h2h,Phoenix Suns,pinnacle,172,2.72,0.367647
441,1778820361.9464588,basketball_nba,mock_dallas_mavericks_miami_heat::h2h,Dallas Mavericks,draftkings,-131,1.7634,0.567086
442,1778820361.9464588,basketball_nba,mock_dallas_mavericks_miami_heat::h2h,Miami Heat,draftkings,140,2.4,0.416667
443,1778820361.9464588,basketball_nba,mock_dallas_mavericks_miami_heat::h2h,Dallas Mavericks,fanduel,-134,1.7463,0.572639
444,1778820361.9464588,basketball_nba,mock_dallas_mavericks_miami_heat::h2h,Miami Heat,fanduel,150,2.5,0.4
445,1778820361.9464588,basketball_nba,mock_dallas_mavericks_miami_heat::h2h,Dallas Mavericks,betmgm,-133,1.7519,0.570809
446,1778820361.9464588,basketball_nba,mock_dallas_mavericks_miami_heat::h2h,Miami Heat,betmgm,170,2.7,0.37037
447,1778820361.9464588,basketball_nba,mock_dallas_mavericks_miami_heat::h2h,Dallas Mavericks,pinnacle,-153,1.6536,0.604741
448,1778820361.9464588,basketball_nba,mock_dallas_mavericks_miami_heat::h2h,Miami Heat,pinnacle,159,2.59,0.3861
385,1778820961.9464588,basketball_nba,mock_los_angeles_lakers_boston_celtics::h2h,Los Angeles Lakers,draftkings,125,2.25,0.444444
386,1778820961.9464588,basketball_nba,mock_los_angeles_lakers_boston_celtics::h2h,Boston Celtics,draftkings,-102,1.9804,0.504948
387,1778820961.9464588,basketball_nba,mock_los_angeles_lakers_boston_celtics::h2h,Los Angeles Lakers,fanduel,122,2.22,0.45045
388,1778820961.9464588,basketball_nba,mock_los_angeles_lakers_boston_celtics::h2h,Boston Celtics,fanduel,-100,2.0,0.5
389,1778820961.9464588,basketball_nba,mock_los_angeles_lakers_boston_celtics::h2h,Los Angeles Lakers,betmgm,100,2.0,0.5
390,1778820961.9464588,basketball_nba,mock_los_angeles_lakers_boston_celtics::h2h,Boston Celtics,betmgm,-109,1.9174,0.52154
391,1778820961.9464588,basketball_nba,mock_los_angeles_lakers_boston_celtics::h2h,Los Angeles Lakers,pinnacle,105,2.05,0.487805
392,1778820961.9464588,basketball_nba,mock_los_angeles_lakers_boston_celtics::h2h,Boston Celtics,pinnacle,-106,1.9434,0.514562
393,1778820961.9464588,basketball_nba,mock_golden_state_warriors_milwaukee_bucks::h2h,Golden State Warriors,draftkings,-131,1.7634,0.567086
394,1778820961.9464588,basketball_nba,mock_golden_state_warriors_milwaukee_bucks::h2h,Milwaukee Bucks,draftkings,100,2.0,0.5
395,1778820961.9464588,basketball_nba,mock_golden_state_warriors_milwaukee_bucks::h2h,Golden State Warriors,fanduel,-121,1.8264,0.547525
396,1778820961.9464588,basketball_nba,mock_golden_state_warriors_milwaukee_bucks::h2h,Milwaukee Bucks,fanduel,111,2.11,0.473934
397,1778820961.9464588,basketball_nba,mock_golden_state_warriors_milwaukee_bucks::h2h,Golden State Warriors,betmgm,-129,1.7752,0.563317
398,1778820961.9464588,basketball_nba,mock_golden_state_warriors_milwaukee_bucks::h2h,Milwaukee Bucks,betmgm,100,2.0,0.5
399,1778820961.9464588,basketball_nba,mock_golden_state_warriors_milwaukee_bucks::h2h,Golden State Warriors,pinnacle,-116,1.8621,0.537028
400,1778820961.9464588,basketball_nba,mock_golden_state_warriors_milwaukee_bucks::h2h,Milwaukee Bucks,pinnacle,104,2.04,0.490196
401,1778820961.9464588,basketball_nba,mock_denver_nuggets_phoenix_suns::h2h,Denver Nuggets,draftkings,-133,1.7519,0.570809
402,1778820961.9464588,basketball_nba,mock_denver_nuggets_phoenix_suns::h2h,Phoenix Suns,draftkings,154,2.54,0.393701
403,1778820961.9464588,basketball_nba,mock_denver_nuggets_phoenix_suns::h2h,Denver Nuggets,fanduel,-147,1.6803,0.595132
404,1778820961.9464588,basketball_nba,mock_denver_nuggets_phoenix_suns::h2h,Phoenix Suns,fanduel,163,2.63,0.380228
405,1778820961.9464588,basketball_nba,mock_denver_nuggets_phoenix_suns::h2h,Denver Nuggets,betmgm,-144,1.6944,0.590179
406,1778820961.9464588,basketball_nba,mock_denver_nuggets_phoenix_suns::h2h,Phoenix Suns,betmgm,171,2.71,0.369004
407,1778820961.9464588,basketball_nba,mock_denver_nuggets_phoenix_suns::h2h,Denver Nuggets,pinnacle,-146,1.6849,0.593507
408,1778820961.9464588,basketball_nba,mock_denver_nuggets_phoenix_suns::h2h,Phoenix Suns,pinnacle,172,2.72,0.367647
409,1778820961.9464588,basketball_nba,mock_dallas_mavericks_miami_heat::h2h,Dallas Mavericks,draftkings,-131,1.7634,0.567086
410,1778820961.9464588,basketball_nba,mock_dallas_mavericks_miami_heat::h2h,Miami Heat,draftkings,140,2.4,0.416667
411,1778820961.9464588,basketball_nba,mock_dallas_mavericks_miami_heat::h2h,Dallas Mavericks,fanduel,-134,1.7463,0.572639
412,1778820961.9464588,basketball_nba,mock_dallas_mavericks_miami_heat::h2h,Miami Heat,fanduel,150,2.5,0.4
413,1778820961.9464588,basketball_nba,mock_dallas_mavericks_miami_heat::h2h,Dallas Mavericks,betmgm,-133,1.7519,0.570809
414,1778820961.9464588,basketball_nba,mock_dallas_mavericks_miami_heat::h2h,Miami Heat,betmgm,170,2.7,0.37037
415,1778820961.9464588,basketball_nba,mock_dallas_mavericks_miami_heat::h2h,Dallas Mavericks,pinnacle,-153,1.6536,0.604741
416,1778820961.9464588,basketball_nba,mock_dallas_mavericks_miami_heat::h2h,Miami Heat,pinnacle,159,2.59,0.3861
353,1778821561.9464588,basketball_nba,mock_los_angeles_lakers_boston_celtics::h2h,Los Angeles Lakers,draftkings,125,2.25,0.444444
354,1778821561.9464588,basketball_nba,mock_los_angeles_lakers_boston_celtics::h2h,Boston Celtics,draftkings,-102,1.9804,0.504948
355,1778821561.9464588,basketball_nba,mock_los_angeles_lakers_boston_celtics::h2h,Los Angeles Lakers,fanduel,122,2.22,0.45045
356,1778821561.9464588,basketball_nba,mock_los_angeles_lakers_boston_celtics::h2h,Boston Celtics,fanduel,-100,2.0,0.5
357,1778821561.9464588,basketball_nba,mock_los_angeles_lakers_boston_celtics::h2h,Los Angeles Lakers,betmgm,100,2.0,0.5
358,1778821561.9464588,basketball_nba,mock_los_angeles_lakers_boston_celtics::h2h,Boston Celtics,betmgm,-109,1.9174,0.52154
359,1778821561.9464588,basketball_nba,mock_los_angeles_lakers_boston_celtics::h2h,Los Angeles Lakers,pinnacle,105,2.05,0.487805
360,1778821561.9464588,basketball_nba,mock_los_angeles_lakers_boston_celtics::h2h,Boston Celtics,pinnacle,-106,1.9434,0.514562
361,1778821561.9464588,basketball_nba,mock_golden_state_warriors_milwaukee_bucks::h2h,Golden State Warriors,draftkings,-131,1.7634,0.567086
362,1778821561.9464588,basketball_nba,mock_golden_state_warriors_milwaukee_bucks::h2h,Milwaukee Bucks,draftkings,100,2.0,0.5
363,1778821561.9464588,basketball_nba,mock_golden_state_warriors_milwaukee_bucks::h2h,Golden State Warriors,fanduel,-121,1.8264,0.547525
364,1778821561.9464588,basketball_nba,mock_golden_state_warriors_milwaukee_bucks::h2h,Milwaukee Bucks,fanduel,111,2.11,0.473934
365,1778821561.9464588,basketball_nba,mock_golden_state_warriors_milwaukee_bucks::h2h,Golden State Warriors,betmgm,-129,1.7752,0.563317
366,1778821561.9464588,basketball_nba,mock_golden_state_warriors_milwaukee_bucks::h2h,Milwaukee Bucks,betmgm,100,2.0,0.5
367,1778821561.9464588,basketball_nba,mock_golden_state_warriors_milwaukee_bucks::h2h,Golden State Warriors,pinnacle,-116,1.8621,0.537028
368,1778821561.9464588,basketball_nba,mock_golden_state_warriors_milwaukee_bucks::h2h,Milwaukee Bucks,pinnacle,104,2.04,0.490196
369,1778821561.9464588,basketball_nba,mock_denver_nuggets_phoenix_suns::h2h,Denver Nuggets,draftkings,-133,1.7519,0.570809
370,1778821561.9464588,basketball_nba,mock_denver_nuggets_phoenix_suns::h2h,Phoenix Suns,draftkings,154,2.54,0.393701
371,1778821561.9464588,basketball_nba,mock_denver_nuggets_phoenix_suns::h2h,Denver Nuggets,fanduel,-147,1.6803,0.595132
372,1778821561.9464588,basketball_nba,mock_denver_nuggets_phoenix_suns::h2h,Phoenix Suns,fanduel,163,2.63,0.380228
373,1778821561.9464588,basketball_nba,mock_denver_nuggets_phoenix_suns::h2h,Denver Nuggets,betmgm,-144,1.6944,0.590179
374,1778821561.9464588,basketball_nba,mock_denver_nuggets_phoenix_suns::h2h,Phoenix Suns,betmgm,171,2.71,0.369004
375,1778821561.9464588,basketball_nba,mock_denver_nuggets_phoenix_suns::h2h,Denver Nuggets,pinnacle,-146,1.6849,0.593507
376,1778821561.9464588,basketball_nba,mock_denver_nuggets_phoenix_suns::h2h,Phoenix Suns,pinnacle,172,2.72,0.367647
377,1778821561.9464588,basketball_nba,mock_dallas_mavericks_miami_heat::h2h,Dallas Mavericks,draftkings,-131,1.7634,0.567086
378,1778821561.9464588,basketball_nba,mock_dallas_mavericks_miami_heat::h2h,Miami Heat,draftkings,140,2.4,0.416667
379,1778821561.9464588,basketball_nba,mock_dallas_mavericks_miami_heat::h2h,Dallas Mavericks,fanduel,-134,1.7463,0.572639
380,1778821561.9464588,basketball_nba,mock_dallas_mavericks_miami_heat::h2h,Miami Heat,fanduel,150,2.5,0.4
381,1778821561.9464588,basketball_nba,mock_dallas_mavericks_miami_heat::h2h,Dallas Mavericks,betmgm,-133,1.7519,0.570809
382,1778821561.9464588,basketball_nba,mock_dallas_mavericks_miami_heat::h2h,Miami Heat,betmgm,170,2.7,0.37037
383,1778821561.9464588,basketball_nba,mock_dallas_mavericks_miami_heat::h2h,Dallas Mavericks,pinnacle,-153,1.6536,0.604741
384,1778821561.9464588,basketball_nba,mock_dallas_mavericks_miami_heat::h2h,Miami Heat,pinnacle,159,2.59,0.3861
321,1778822161.9464588,basketball_nba,mock_los_angeles_lakers_boston_celtics::h2h,Los Angeles Lakers,draftkings,125,2.25,0.444444
322,1778822161.9464588,basketball_nba,mock_los_angeles_lakers_boston_celtics::h2h,Boston Celtics,draftkings,-102,1.9804,0.504948
323,1778822161.9464588,basketball_nba,mock_los_angeles_lakers_boston_celtics::h2h,Los Angeles Lakers,fanduel,122,2.22,0.45045
324,1778822161.9464588,basketball_nba,mock_los_angeles_lakers_boston_celtics::h2h,Boston Celtics,fanduel,-100,2.0,0.5
325,1778822161.9464588,basketball_nba,mock_los_angeles_lakers_boston_celtics::h2h,Los Angeles Lakers,betmgm,100,2.0,0.5
326,1778822161.9464588,basketball_nba,mock_los_angeles_lakers_boston_celtics::h2h,Boston Celtics,betmgm,-109,1.9174,0.52154
327,1778822161.9464588,basketball_nba,mock_los_angeles_lakers_boston_celtics::h2h,Los Angeles Lakers,pinnacle,105,2.05,0.487805
328,1778822161.9464588,basketball_nba,mock_los_angeles_lakers_boston_celtics::h2h,Boston Celtics,pinnacle,-106,1.9434,0.514562
329,1778822161.9464588,basketball_nba,mock_golden_state_warriors_milwaukee_bucks::h2h,Golden State Warriors,draftkings,-131,1.7634,0.567086
330,1778822161.9464588,basketball_nba,mock_golden_state_warriors_milwaukee_bucks::h2h,Milwaukee Bucks,draftkings,100,2.0,0.5
331,1778822161.9464588,basketball_nba,mock_golden_state_warriors_milwaukee_bucks::h2h,Golden State Warriors,fanduel,-121,1.8264,0.547525
332,1778822161.9464588,basketball_nba,mock_golden_state_warriors_milwaukee_bucks::h2h,Milwaukee Bucks,fanduel,111,2.11,0.473934
333,1778822161.9464588,basketball_nba,mock_golden_state_warriors_milwaukee_bucks::h2h,Golden State Warriors,betmgm,-129,1.7752,0.563317
334,1778822161.9464588,basketball_nba,mock_golden_state_warriors_milwaukee_bucks::h2h,Milwaukee Bucks,betmgm,100,2.0,0.5
335,1778822161.9464588,basketball_nba,mock_golden_state_warriors_milwaukee_bucks::h2h,Golden State Warriors,pinnacle,-116,1.8621,0.537028
336,1778822161.9464588,basketball_nba,mock_golden_state_warriors_milwaukee_bucks::h2h,Milwaukee Bucks,pinnacle,104,2.04,0.490196
337,1778822161.9464588,basketball_nba,mock_denver_nuggets_phoenix_suns::h2h,Denver Nuggets,draftkings,-133,1.7519,0.570809
338,1778822161.9464588,basketball_nba,mock_denver_nuggets_phoenix_suns::h2h,Phoenix Suns,draftkings,154,2.54,0.393701
339,1778822161.9464588,basketball_nba,mock_denver_nuggets_phoenix_suns::h2h,Denver Nuggets,fanduel,-147,1.6803,0.595132
340,1778822161.9464588,basketball_nba,mock_denver_nuggets_phoenix_suns::h2h,Phoenix Suns,fanduel,163,2.63,0.380228
341,1778822161.9464588,basketball_nba,mock_denver_nuggets_phoenix_suns::h2h,Denver Nuggets,betmgm,-144,1.6944,0.590179
342,1778822161.9464588,basketball_nba,mock_denver_nuggets_phoenix_suns::h2h,Phoenix Suns,betmgm,171,2.71,0.369004
343,1778822161.9464588,basketball_nba,mock_denver_nuggets_phoenix_suns::h2h,Denver Nuggets,pinnacle,-146,1.6849,0.593507
344,1778822161.9464588,basketball_nba,mock_denver_nuggets_phoenix_suns::h2h,Phoenix Suns,pinnacle,172,2.72,0.367647
345,1778822161.9464588,basketball_nba,mock_dallas_mavericks_miami_heat::h2h,Dallas Mavericks,draftkings,-131,1.7634,0.567086
346,1778822161.9464588,basketball_nba,mock_dallas_mavericks_miami_heat::h2h,Miami Heat,draftkings,140,2.4,0.416667
347,1778822161.9464588,basketball_nba,mock_dallas_mavericks_miami_heat::h2h,Dallas Mavericks,fanduel,-134,1.7463,0.572639
348,1778822161.9464588,basketball_nba,mock_dallas_mavericks_miami_heat::h2h,Miami Heat,fanduel,150,2.5,0.4
349,1778822161.9464588,basketball_nba,mock_dallas_mavericks_miami_heat::h2h,Dallas Mavericks,betmgm,-133,1.7519,0.570809
350,1778822161.9464588,basketball_nba,mock_dallas_mavericks_miami_heat::h2h,Miami Heat,betmgm,170,2.7,0.37037
351,1778822161.9464588,basketball_nba,mock_dallas_mavericks_miami_heat::h2h,Dallas Mavericks,pinnacle,-153,1.6536,0.604741
352,1778822161.9464588,basketball_nba,mock_dallas_mavericks_miami_heat::h2h,Miami Heat,pinnacle,159,2.59,0.3861
289,1778822761.9464588,basketball_nba,mock_los_angeles_lakers_boston_celtics::h2h,Los Angeles Lakers,draftkings,125,2.25,0.444444
290,1778822761.9464588,basketball_nba,mock_los_angeles_lakers_boston_celtics::h2h,Boston Celtics,draftkings,-102,1.9804,0.504948
291,1778822761.9464588,basketball_nba,mock_los_angeles_lakers_boston_celtics::h2h,Los Angeles Lakers,fanduel,122,2.22,0.45045
292,1778822761.9464588,basketball_nba,mock_los_angeles_lakers_boston_celtics::h2h,Boston Celtics,fanduel,-100,2.0,0.5
293,1778822761.9464588,basketball_nba,mock_los_angeles_lakers_boston_celtics::h2h,Los Angeles Lakers,betmgm,100,2.0,0.5
294,1778822761.9464588,basketball_nba,mock_los_angeles_lakers_boston_celtics::h2h,Boston Celtics,betmgm,-109,1.9174,0.52154
295,1778822761.9464588,basketball_nba,mock_los_angeles_lakers_boston_celtics::h2h,Los Angeles Lakers,pinnacle,105,2.05,0.487805
296,1778822761.9464588,basketball_nba,mock_los_angeles_lakers_boston_celtics::h2h,Boston Celtics,pinnacle,-106,1.9434,0.514562
297,1778822761.9464588,basketball_nba,mock_golden_state_warriors_milwaukee_bucks::h2h,Golden State Warriors,draftkings,-131,1.7634,0.567086
298,1778822761.9464588,basketball_nba,mock_golden_state_warriors_milwaukee_bucks::h2h,Milwaukee Bucks,draftkings,100,2.0,0.5
299,1778822761.9464588,basketball_nba,mock_golden_state_warriors_milwaukee_bucks::h2h,Golden State Warriors,fanduel,-121,1.8264,0.547525
300,1778822761.9464588,basketball_nba,mock_golden_state_warriors_milwaukee_bucks::h2h,Milwaukee Bucks,fanduel,111,2.11,0.473934
301,1778822761.9464588,basketball_nba,mock_golden_state_warriors_milwaukee_bucks::h2h,Golden State Warriors,betmgm,-129,1.7752,0.563317
302,1778822761.9464588,basketball_nba,mock_golden_state_warriors_milwaukee_bucks::h2h,Milwaukee Bucks,betmgm,100,2.0,0.5
303,1778822761.9464588,basketball_nba,mock_golden_state_warriors_milwaukee_bucks::h2h,Golden State Warriors,pinnacle,-116,1.8621,0.537028
304,1778822761.9464588,basketball_nba,mock_golden_state_warriors_milwaukee_bucks::h2h,Milwaukee Bucks,pinnacle,104,2.04,0.490196
305,1778822761.9464588,basketball_nba,mock_denver_nuggets_phoenix_suns::h2h,Denver Nuggets,draftkings,-133,1.7519,0.570809
306,1778822761.9464588,basketball_nba,mock_denver_nuggets_phoenix_suns::h2h,Phoenix Suns,draftkings,154,2.54,0.393701
307,1778822761.9464588,basketball_nba,mock_denver_nuggets_phoenix_suns::h2h,Denver Nuggets,fanduel,-147,1.6803,0.595132
308,1778822761.9464588,basketball_nba,mock_denver_nuggets_phoenix_suns::h2h,Phoenix Suns,fanduel,163,2.63,0.380228
309,1778822761.9464588,basketball_nba,mock_denver_nuggets_phoenix_suns::h2h,Denver Nuggets,betmgm,-144,1.6944,0.590179
310,1778822761.9464588,basketball_nba,mock_denver_nuggets_phoenix_suns::h2h,Phoenix Suns,betmgm,171,2.71,0.369004
311,1778822761.9464588,basketball_nba,mock_denver_nuggets_phoenix_suns::h2h,Denver Nuggets,pinnacle,-146,1.6849,0.593507
312,1778822761.9464588,basketball_nba,mock_denver_nuggets_phoenix_suns::h2h,Phoenix Suns,pinnacle,172,2.72,0.367647
313,1778822761.9464588,basketball_nba,mock_dallas_mavericks_miami_heat::h2h,Dallas Mavericks,draftkings,-131,1.7634,0.567086
314,1778822761.9464588,basketball_nba,mock_dallas_mavericks_miami_heat::h2h,Miami Heat,draftkings,140,2.4,0.416667
315,1778822761.9464588,basketball_nba,mock_dallas_mavericks_miami_heat::h2h,Dallas Mavericks,fanduel,-134,1.7463,0.572639
316,1778822761.9464588,basketball_nba,mock_dallas_mavericks_miami_heat::h2h,Miami Heat,fanduel,150,2.5,0.4
317,1778822761.9464588,basketball_nba,mock_dallas_mavericks_miami_heat::h2h,Dallas Mavericks,betmgm,-133,1.7519,0.570809
318,1778822761.9464588,basketball_nba,mock_dallas_mavericks_miami_heat::h2h,Miami Heat,betmgm,170,2.7,0.37037
319,1778822761.9464588,basketball_nba,mock_dallas_mavericks_miami_heat::h2h,Dallas Mavericks,pinnacle,-153,1.6536,0.604741
320,1778822761.9464588,basketball_nba,mock_dallas_mavericks_miami_heat::h2h,Miami Heat,pinnacle,159,2.59,0.3861
257,1778823361.9464588,basketball_nba,mock_los_angeles_lakers_boston_celtics::h2h,Los Angeles Lakers,draftkings,125,2.25,0.444444
258,1778823361.9464588,basketball_nba,mock_los_angeles_lakers_boston_celtics::h2h,Boston Celtics,draftkings,-102,1.9804,0.504948
259,1778823361.9464588,basketball_nba,mock_los_angeles_lakers_boston_celtics::h2h,Los Angeles Lakers,fanduel,122,2.22,0.45045
260,1778823361.9464588,basketball_nba,mock_los_angeles_lakers_boston_celtics::h2h,Boston Celtics,fanduel,-100,2.0,0.5
261,1778823361.9464588,basketball_nba,mock_los_angeles_lakers_boston_celtics::h2h,Los Angeles Lakers,betmgm,100,2.0,0.5
262,1778823361.9464588,basketball_nba,mock_los_angeles_lakers_boston_celtics::h2h,Boston Celtics,betmgm,-109,1.9174,0.52154
263,1778823361.9464588,basketball_nba,mock_los_angeles_lakers_boston_celtics::h2h,Los Angeles Lakers,pinnacle,105,2.05,0.487805
264,1778823361.9464588,basketball_nba,mock_los_angeles_lakers_boston_celtics::h2h,Boston Celtics,pinnacle,-106,1.9434,0.514562
265,1778823361.9464588,basketball_nba,mock_golden_state_warriors_milwaukee_bucks::h2h,Golden State Warriors,draftkings,-131,1.7634,0.567086
266,1778823361.9464588,basketball_nba,mock_golden_state_warriors_milwaukee_bucks::h2h,Milwaukee Bucks,draftkings,100,2.0,0.5
267,1778823361.9464588,basketball_nba,mock_golden_state_warriors_milwaukee_bucks::h2h,Golden State Warriors,fanduel,-121,1.8264,0.547525
268,1778823361.9464588,basketball_nba,mock_golden_state_warriors_milwaukee_bucks::h2h,Milwaukee Bucks,fanduel,111,2.11,0.473934
269,1778823361.9464588,basketball_nba,mock_golden_state_warriors_milwaukee_bucks::h2h,Golden State Warriors,betmgm,-129,1.7752,0.563317
270,1778823361.9464588,basketball_nba,mock_golden_state_warriors_milwaukee_bucks::h2h,Milwaukee Bucks,betmgm,100,2.0,0.5
271,1778823361.9464588,basketball_nba,mock_golden_state_warriors_milwaukee_bucks::h2h,Golden State Warriors,pinnacle,-116,1.8621,0.537028
272,1778823361.9464588,basketball_nba,mock_golden_state_warriors_milwaukee_bucks::h2h,Milwaukee Bucks,pinnacle,104,2.04,0.490196
273,1778823361.9464588,basketball_nba,mock_denver_nuggets_phoenix_suns::h2h,Denver Nuggets,draftkings,-133,1.7519,0.570809
274,1778823361.9464588,basketball_nba,mock_denver_nuggets_phoenix_suns::h2h,Phoenix Suns,draftkings,154,2.54,0.393701
275,1778823361.9464588,basketball_nba,mock_denver_nuggets_phoenix_suns::h2h,Denver Nuggets,fanduel,-147,1.6803,0.595132
276,1778823361.9464588,basketball_nba,mock_denver_nuggets_phoenix_suns::h2h,Phoenix Suns,fanduel,163,2.63,0.380228
